Gender,accuracy,selection_rate
Female,0.6552147239263804,0.3464212678936605
Male,0.6831030150753769,0.310929648241206
