Gender,accuracy,selection_rate
Female,0.7117927743694615,0.2756646216768916
Male,0.7289572864321608,0.24560301507537688
