Race,accuracy,selection_rate
AfricanAmerican,0.7175480769230769,0.2688301282051282
Asian,0.7425742574257426,0.2871287128712871
Caucasian,0.6539153489252911,0.347031531105009
Hispanic,0.6866666666666666,0.31
Other,0.726530612244898,0.2571428571428571
