Gender,accuracy,selection_rate
Female,0.7011588275391957,0.2912065439672802
Male,0.7325690954773869,0.24607412060301506
