race,utilization_proxy,severity_proxy,Target,utilization_per_severity
AfricanAmerican,0.44555625590923414,12.508272927828553,0.08611723920579893,0.035620925325186605
Asian,0.38085539714867617,11.820773930753564,0.0835030549898167,0.032219159200551344
Caucasian,0.6025862560051649,13.110552000455728,0.09144940470539088,0.04596192868036516
Hispanic,0.5637450199203188,11.828021248339974,0.08100929614873838,0.047661820019087184
Other,0.4163793103448276,12.768103448275863,0.06896551724137931,0.03261089730605631
